SET NOCOUNT ON
GO

-- Class
IF NOT EXISTS(SELECT * FROM user_class WHERE class_name = N'Uc_fs_sro_type')
	INSERT INTO user_class ( class_name, class_label, class_desc, sys_has_fields, sys_has_tables, sys_apply, sys_delete ) 
	VALUES(N'Uc_fs_sro_type', NULL, NULL, 0, 0, NULL,  0)
IF NOT EXISTS(SELECT * FROM user_class WHERE class_name = N'Uc_fs_sro_oper')
	INSERT INTO user_class ( class_name, class_label, class_desc, sys_has_fields, sys_has_tables, sys_apply, sys_delete ) 
	VALUES(N'Uc_fs_sro_oper', NULL, NULL, 0, 0, NULL,  0)		
IF NOT EXISTS(SELECT * FROM user_class WHERE class_name = N'Uc_fs_sro')
	INSERT INTO user_class ( class_name, class_label, class_desc, sys_has_fields, sys_has_tables, sys_apply, sys_delete ) 
	VALUES(N'Uc_fs_sro', NULL, NULL, 0, 0, NULL,  0)

-- Class/Table
IF NOT EXISTS(SELECT * FROM table_class WHERE table_name = N'fs_sro_type_mst' AND class_name = N'Uc_fs_sro_type')
	INSERT INTO table_class ( table_name, class_name, table_rule, extend_all_recs, sys_apply, sys_delete, allow_record_assoc, active ) 
	VALUES (N'fs_sro_type_mst', N'Uc_fs_sro_type', NULL, 0, NULL, 0, 0, 1)
IF NOT EXISTS(SELECT * FROM table_class WHERE table_name = N'fs_sro_oper_mst' AND class_name = N'Uc_fs_sro_oper')
	INSERT INTO table_class ( table_name, class_name, table_rule, extend_all_recs, sys_apply, sys_delete, allow_record_assoc, active ) 
	VALUES (N'fs_sro_oper_mst', N'Uc_fs_sro_oper', NULL, 0, NULL, 0, 0, 1)	
IF NOT EXISTS(SELECT * FROM table_class WHERE table_name = N'fs_sro_mst' AND class_name = N'Uc_fs_sro')
	INSERT INTO table_class ( table_name, class_name, table_rule, extend_all_recs, sys_apply, sys_delete, allow_record_assoc, active ) 
	VALUES (N'fs_sro_mst', N'Uc_fs_sro', NULL, 0, NULL, 0, 0, 1)

-- Fields
IF NOT EXISTS(SELECT * FROM user_fld WHERE fld_name = N'Uf_MoldFlag')
	INSERT INTO user_fld ( fld_name, fld_data_type, fld_initial, fld_decimals, fld_desc, sys_apply, sys_delete, fld_UDT, fld_prec ) 
	VALUES (N'Uf_MoldFlag', N'int', 0, NULL, NULL, NULL, 0, NULL, NULL)
IF NOT EXISTS(SELECT * FROM user_fld WHERE fld_name = N'Uf_Case_Man')
	INSERT INTO user_fld ( fld_name, fld_data_type, fld_initial, fld_decimals, fld_desc, sys_apply, sys_delete, fld_UDT, fld_prec ) 
	VALUES (N'Uf_Case_Man', N'nvarchar', NULL, NULL, NULL, NULL, 0, NULL, 50)
IF NOT EXISTS(SELECT * FROM user_fld WHERE fld_name = N'Uf_Case_Machine')
	INSERT INTO user_fld ( fld_name, fld_data_type, fld_initial, fld_decimals, fld_desc, sys_apply, sys_delete, fld_UDT, fld_prec ) 
	VALUES (N'Uf_Case_Machine', N'nvarchar', NULL, NULL, NULL, NULL, 0, NULL, 50)
IF NOT EXISTS(SELECT * FROM user_fld WHERE fld_name = N'Uf_Case_Material')
	INSERT INTO user_fld ( fld_name, fld_data_type, fld_initial, fld_decimals, fld_desc, sys_apply, sys_delete, fld_UDT, fld_prec ) 
	VALUES (N'Uf_Case_Material', N'nvarchar', NULL, NULL, NULL, NULL, 0, NULL, 50)
IF NOT EXISTS(SELECT * FROM user_fld WHERE fld_name = N'Uf_Case_Method')
	INSERT INTO user_fld ( fld_name, fld_data_type, fld_initial, fld_decimals, fld_desc, sys_apply, sys_delete, fld_UDT, fld_prec ) 
	VALUES (N'Uf_Case_Method', N'nvarchar', NULL, NULL, NULL, NULL, 0, NULL, 50)
IF NOT EXISTS(SELECT * FROM user_fld WHERE fld_name = N'Uf_Case_Environment')
	INSERT INTO user_fld ( fld_name, fld_data_type, fld_initial, fld_decimals, fld_desc, sys_apply, sys_delete, fld_UDT, fld_prec ) 
	VALUES (N'Uf_Case_Environment', N'nvarchar', NULL, NULL, NULL, NULL, 0, NULL, 50)
IF NOT EXISTS(SELECT * FROM user_fld WHERE fld_name = N'Uf_Why1')
	INSERT INTO user_fld ( fld_name, fld_data_type, fld_initial, fld_decimals, fld_desc, sys_apply, sys_delete, fld_UDT, fld_prec ) 
	VALUES (N'Uf_Why1', N'nvarchar', NULL, NULL, NULL, NULL, 0, NULL, 255)
IF NOT EXISTS(SELECT * FROM user_fld WHERE fld_name = N'Uf_Why2')
	INSERT INTO user_fld ( fld_name, fld_data_type, fld_initial, fld_decimals, fld_desc, sys_apply, sys_delete, fld_UDT, fld_prec ) 
	VALUES (N'Uf_Why2', N'nvarchar', NULL, NULL, NULL, NULL, 0, NULL, 255)
IF NOT EXISTS(SELECT * FROM user_fld WHERE fld_name = N'Uf_Why3')
	INSERT INTO user_fld ( fld_name, fld_data_type, fld_initial, fld_decimals, fld_desc, sys_apply, sys_delete, fld_UDT, fld_prec ) 
	VALUES (N'Uf_Why3', N'nvarchar', NULL, NULL, NULL, NULL, 0, NULL, 255)
IF NOT EXISTS(SELECT * FROM user_fld WHERE fld_name = N'Uf_Why4')
	INSERT INTO user_fld ( fld_name, fld_data_type, fld_initial, fld_decimals, fld_desc, sys_apply, sys_delete, fld_UDT, fld_prec ) 
	VALUES (N'Uf_Why4', N'nvarchar', NULL, NULL, NULL, NULL, 0, NULL, 255)	
IF NOT EXISTS(SELECT * FROM user_fld WHERE fld_name = N'Uf_Root')
	INSERT INTO user_fld ( fld_name, fld_data_type, fld_initial, fld_decimals, fld_desc, sys_apply, sys_delete, fld_UDT, fld_prec ) 
	VALUES (N'Uf_Root', N'nvarchar', NULL, NULL, NULL, NULL, 0, NULL, 255)	
IF NOT EXISTS(SELECT * FROM user_fld WHERE fld_name = N'Uf_PVbyCase')
	INSERT INTO user_fld ( fld_name, fld_data_type, fld_initial, fld_decimals, fld_desc, sys_apply, sys_delete, fld_UDT, fld_prec ) 
	VALUES (N'Uf_PVbyCase', N'nvarchar', NULL, NULL, NULL, NULL, 0, NULL, 255)
IF NOT EXISTS(SELECT * FROM user_fld WHERE fld_name = N'Uf_PVbyCase_Date')
	INSERT INTO user_fld ( fld_name, fld_data_type, fld_initial, fld_decimals, fld_desc, sys_apply, sys_delete, fld_UDT, fld_prec ) 
	VALUES (N'Uf_PVbyCase_Date', N'datetime', NULL, NULL, NULL, NULL, 0, 'DateTimeType', NULL)
IF NOT EXISTS(SELECT * FROM user_fld WHERE fld_name = N'Uf_PVbyCase_PIC')
	INSERT INTO user_fld ( fld_name, fld_data_type, fld_initial, fld_decimals, fld_desc, sys_apply, sys_delete, fld_UDT, fld_prec ) 
	VALUES (N'Uf_PVbyCase_PIC', N'nvarchar', NULL, NULL, NULL, NULL, 0, NULL, 50)
IF NOT EXISTS(SELECT * FROM user_fld WHERE fld_name = N'Uf_PVAll')
	INSERT INTO user_fld ( fld_name, fld_data_type, fld_initial, fld_decimals, fld_desc, sys_apply, sys_delete, fld_UDT, fld_prec ) 
	VALUES (N'Uf_PVAll', N'nvarchar', NULL, NULL, NULL, NULL, 0, NULL, 255)	
IF NOT EXISTS(SELECT * FROM user_fld WHERE fld_name = N'Uf_PVAll_Date')
	INSERT INTO user_fld ( fld_name, fld_data_type, fld_initial, fld_decimals, fld_desc, sys_apply, sys_delete, fld_UDT, fld_prec ) 
	VALUES (N'Uf_PVAll_Date', N'datetime', NULL, NULL, NULL, NULL, 0, 'DateTimeType', NULL)
IF NOT EXISTS(SELECT * FROM user_fld WHERE fld_name = N'Uf_PVAll_PIC')
	INSERT INTO user_fld ( fld_name, fld_data_type, fld_initial, fld_decimals, fld_desc, sys_apply, sys_delete, fld_UDT, fld_prec ) 
	VALUES (N'Uf_PVAll_PIC', N'nvarchar', NULL, NULL, NULL, NULL, 0, NULL, 50)
IF NOT EXISTS(SELECT * FROM user_fld WHERE fld_name = N'Uf_Risk')
	INSERT INTO user_fld ( fld_name, fld_data_type, fld_initial, fld_decimals, fld_desc, sys_apply, sys_delete, fld_UDT, fld_prec ) 
	VALUES (N'Uf_Risk', N'nvarchar', NULL, NULL, NULL, NULL, 0, NULL, 50)	

-- Class/Fields
IF NOT EXISTS(SELECT * FROM user_class_fld WHERE class_name = N'Uc_fs_sro_type' AND fld_name = N'Uf_MoldFlag')
	INSERT INTO user_class_fld ( class_name, fld_name, sys_apply, sys_delete ) 
	VALUES (N'Uc_fs_sro_type', N'Uf_MoldFlag', NULL, 0)
IF NOT EXISTS(SELECT * FROM user_class_fld WHERE class_name = N'Uc_fs_sro_oper' AND fld_name = N'Uf_Case_Man')
	INSERT INTO user_class_fld ( class_name, fld_name, sys_apply, sys_delete ) 
	VALUES (N'Uc_fs_sro_oper', N'Uf_Case_Man', NULL, 0)
IF NOT EXISTS(SELECT * FROM user_class_fld WHERE class_name = N'Uc_fs_sro_oper' AND fld_name = N'Uf_Case_Machine')
	INSERT INTO user_class_fld ( class_name, fld_name, sys_apply, sys_delete ) 
	VALUES (N'Uc_fs_sro_oper', N'Uf_Case_Machine', NULL, 0)
IF NOT EXISTS(SELECT * FROM user_class_fld WHERE class_name = N'Uc_fs_sro_oper' AND fld_name = N'Uf_Case_Material')
	INSERT INTO user_class_fld ( class_name, fld_name, sys_apply, sys_delete ) 
	VALUES (N'Uc_fs_sro_oper', N'Uf_Case_Material', NULL, 0)
IF NOT EXISTS(SELECT * FROM user_class_fld WHERE class_name = N'Uc_fs_sro_oper' AND fld_name = N'Uf_Case_Method')
	INSERT INTO user_class_fld ( class_name, fld_name, sys_apply, sys_delete ) 
	VALUES (N'Uc_fs_sro_oper', N'Uf_Case_Method', NULL, 0)
IF NOT EXISTS(SELECT * FROM user_class_fld WHERE class_name = N'Uc_fs_sro_oper' AND fld_name = N'Uf_Case_Environment')
	INSERT INTO user_class_fld ( class_name, fld_name, sys_apply, sys_delete ) 
	VALUES (N'Uc_fs_sro_oper', N'Uf_Case_Environment', NULL, 0)
IF NOT EXISTS(SELECT * FROM user_class_fld WHERE class_name = N'Uc_fs_sro_oper' AND fld_name = N'Uf_Why1')
	INSERT INTO user_class_fld ( class_name, fld_name, sys_apply, sys_delete ) 
	VALUES (N'Uc_fs_sro_oper', N'Uf_Why1', NULL, 0)
IF NOT EXISTS(SELECT * FROM user_class_fld WHERE class_name = N'Uc_fs_sro_oper' AND fld_name = N'Uf_Why2')
	INSERT INTO user_class_fld ( class_name, fld_name, sys_apply, sys_delete ) 
	VALUES (N'Uc_fs_sro_oper', N'Uf_Why2', NULL, 0)
IF NOT EXISTS(SELECT * FROM user_class_fld WHERE class_name = N'Uc_fs_sro_oper' AND fld_name = N'Uf_Why3')
	INSERT INTO user_class_fld ( class_name, fld_name, sys_apply, sys_delete ) 
	VALUES (N'Uc_fs_sro_oper', N'Uf_Why3', NULL, 0)
IF NOT EXISTS(SELECT * FROM user_class_fld WHERE class_name = N'Uc_fs_sro_oper' AND fld_name = N'Uf_Why4')
	INSERT INTO user_class_fld ( class_name, fld_name, sys_apply, sys_delete ) 
	VALUES (N'Uc_fs_sro_oper', N'Uf_Why4', NULL, 0)
IF NOT EXISTS(SELECT * FROM user_class_fld WHERE class_name = N'Uc_fs_sro_oper' AND fld_name = N'Uf_Root')
	INSERT INTO user_class_fld ( class_name, fld_name, sys_apply, sys_delete ) 
	VALUES (N'Uc_fs_sro_oper', N'Uf_Root', NULL, 0)
IF NOT EXISTS(SELECT * FROM user_class_fld WHERE class_name = N'Uc_fs_sro_oper' AND fld_name = N'Uf_PVbyCase')
	INSERT INTO user_class_fld ( class_name, fld_name, sys_apply, sys_delete ) 
	VALUES (N'Uc_fs_sro_oper', N'Uf_PVbyCase', NULL, 0)
IF NOT EXISTS(SELECT * FROM user_class_fld WHERE class_name = N'Uc_fs_sro_oper' AND fld_name = N'Uf_PVbyCase_Date')
	INSERT INTO user_class_fld ( class_name, fld_name, sys_apply, sys_delete ) 
	VALUES (N'Uc_fs_sro_oper', N'Uf_PVbyCase_Date', NULL, 0)
IF NOT EXISTS(SELECT * FROM user_class_fld WHERE class_name = N'Uc_fs_sro_oper' AND fld_name = N'Uf_PVbyCase_PIC')
	INSERT INTO user_class_fld ( class_name, fld_name, sys_apply, sys_delete ) 
	VALUES (N'Uc_fs_sro_oper', N'Uf_PVbyCase_PIC', NULL, 0)
IF NOT EXISTS(SELECT * FROM user_class_fld WHERE class_name = N'Uc_fs_sro_oper' AND fld_name = N'Uf_PVAll')
	INSERT INTO user_class_fld ( class_name, fld_name, sys_apply, sys_delete ) 
	VALUES (N'Uc_fs_sro_oper', N'Uf_PVAll', NULL, 0)
IF NOT EXISTS(SELECT * FROM user_class_fld WHERE class_name = N'Uc_fs_sro_oper' AND fld_name = N'Uf_PVAll_Date')
	INSERT INTO user_class_fld ( class_name, fld_name, sys_apply, sys_delete ) 
	VALUES (N'Uc_fs_sro_oper', N'Uf_PVAll_Date', NULL, 0)
IF NOT EXISTS(SELECT * FROM user_class_fld WHERE class_name = N'Uc_fs_sro_oper' AND fld_name = N'Uf_PVAll_PIC')
	INSERT INTO user_class_fld ( class_name, fld_name, sys_apply, sys_delete ) 
	VALUES (N'Uc_fs_sro_oper', N'Uf_PVAll_PIC', NULL, 0)
IF NOT EXISTS(SELECT * FROM user_class_fld WHERE class_name = N'Uc_fs_sro' AND fld_name = N'Uf_Risk')
	INSERT INTO user_class_fld ( class_name, fld_name, sys_apply, sys_delete ) 
	VALUES (N'Uc_fs_sro', N'Uf_Risk', NULL, 0)

DECLARE @RC int
DECLARE @PCommit tinyint
DECLARE @PRollback tinyint
DECLARE @PImpact tinyint
DECLARE @Infobar nvarchar(2800)
DECLARE @RedoViews tinyint

-- Set parameter values
SET  @PCommit = 1
SET  @PRollback = 0
SET  @PImpact = 1
EXEC @RC = [dbo].[UETImpactWrapperSp] @PCommit, @PRollback, @PImpact,@RedoViews, @Infobar OUTPUT 

--SELECT @Infobar
GO