-- Class
IF NOT EXISTS(SELECT * FROM user_class WHERE class_name = N'Uc_fs_sro')
	INSERT INTO user_class ( class_name, class_label, class_desc, sys_has_fields, sys_has_tables, sys_apply, sys_delete ) 
	VALUES(N'Uc_fs_sro', NULL, NULL, 0, 0, NULL,  0)
IF NOT EXISTS(SELECT * FROM user_class WHERE class_name = N'Uc_fs_sro_line')
	INSERT INTO user_class ( class_name, class_label, class_desc, sys_has_fields, sys_has_tables, sys_apply, sys_delete ) 
	VALUES(N'Uc_fs_sro_line', NULL, NULL, 0, 0, NULL,  0)	

-- Class/Table
IF NOT EXISTS(SELECT * FROM table_class WHERE table_name = N'fs_sro_mst' AND class_name = N'Uc_fs_sro')
	INSERT INTO table_class ( table_name, class_name, table_rule, extend_all_recs, sys_apply, sys_delete, allow_record_assoc, active ) 
	VALUES (N'fs_sro_mst', N'Uc_fs_sro', NULL, 0, NULL, 0, 0, 1)
IF NOT EXISTS(SELECT * FROM table_class WHERE table_name = N'fs_sro_line_mst' AND class_name = N'Uc_fs_sro_line')
	INSERT INTO table_class ( table_name, class_name, table_rule, extend_all_recs, sys_apply, sys_delete, allow_record_assoc, active ) 
	VALUES (N'fs_sro_line_mst', N'Uc_fs_sro_line', NULL, 0, NULL, 0, 0, 1)

-- Fields
/*
IF NOT EXISTS(SELECT * FROM user_fld WHERE fld_name = N'Uf_OpenDate')
	INSERT INTO user_fld ( fld_name, fld_data_type, fld_initial, fld_decimals, fld_desc, sys_apply, sys_delete, fld_UDT, fld_prec ) 
	VALUES (N'Uf_OpenDate', N'date', NULL, NULL, NULL, NULL, 0, NULL, 0)
IF NOT EXISTS(SELECT * FROM user_fld WHERE fld_name = N'Uf_StartDate')
	INSERT INTO user_fld ( fld_name, fld_data_type, fld_initial, fld_decimals, fld_desc, sys_apply, sys_delete, fld_UDT, fld_prec ) 
	VALUES (N'Uf_StartDate', N'date', NULL, NULL, NULL, NULL, 0, NULL, 0)
IF NOT EXISTS(SELECT * FROM user_fld WHERE fld_name = N'Uf_CloseDate')
	INSERT INTO user_fld ( fld_name, fld_data_type, fld_initial, fld_decimals, fld_desc, sys_apply, sys_delete, fld_UDT, fld_prec ) 
	VALUES (N'Uf_CloseDate', N'date', NULL, NULL, NULL, NULL, 0, NULL, 0)
IF NOT EXISTS(SELECT * FROM user_fld WHERE fld_name = N'Uf_EndDate')
	INSERT INTO user_fld ( fld_name, fld_data_type, fld_initial, fld_decimals, fld_desc, sys_apply, sys_delete, fld_UDT, fld_prec ) 
	VALUES (N'Uf_EndDate', N'date', NULL, NULL, NULL, NULL, 0, NULL, 0)
IF NOT EXISTS(SELECT * FROM user_fld WHERE fld_name = N'Uf_MainDate')
	INSERT INTO user_fld ( fld_name, fld_data_type, fld_initial, fld_decimals, fld_desc, sys_apply, sys_delete, fld_UDT, fld_prec ) 
	VALUES (N'Uf_MainDate', N'date', NULL, NULL, NULL, NULL, 0, NULL, 0)
*/	
IF NOT EXISTS(SELECT * FROM user_fld WHERE fld_name = N'Uf_OpenTime')
	INSERT INTO user_fld ( fld_name, fld_data_type, fld_initial, fld_decimals, fld_desc, sys_apply, sys_delete, fld_UDT, fld_prec ) 
	VALUES (N'Uf_OpenTime', N'nvarchar', '00:00', NULL, NULL, NULL, 0, NULL, 5)
IF NOT EXISTS(SELECT * FROM user_fld WHERE fld_name = N'Uf_StartTime')
	INSERT INTO user_fld ( fld_name, fld_data_type, fld_initial, fld_decimals, fld_desc, sys_apply, sys_delete, fld_UDT, fld_prec ) 
	VALUES (N'Uf_StartTime', N'nvarchar', '00:00', NULL, NULL, NULL, 0, NULL, 5)
IF NOT EXISTS(SELECT * FROM user_fld WHERE fld_name = N'Uf_CloseTime')
	INSERT INTO user_fld ( fld_name, fld_data_type, fld_initial, fld_decimals, fld_desc, sys_apply, sys_delete, fld_UDT, fld_prec ) 
	VALUES (N'Uf_CloseTime', N'nvarchar', '00:00', NULL, NULL, NULL, 0, NULL, 5)
IF NOT EXISTS(SELECT * FROM user_fld WHERE fld_name = N'Uf_EndTime')
	INSERT INTO user_fld ( fld_name, fld_data_type, fld_initial, fld_decimals, fld_desc, sys_apply, sys_delete, fld_UDT, fld_prec ) 
	VALUES (N'Uf_EndTime', N'nvarchar', '00:00', NULL, NULL, NULL, 0, NULL, 5)
IF NOT EXISTS(SELECT * FROM user_fld WHERE fld_name = N'Uf_MainTime')
	INSERT INTO user_fld ( fld_name, fld_data_type, fld_initial, fld_decimals, fld_desc, sys_apply, sys_delete, fld_UDT, fld_prec ) 
	VALUES (N'Uf_MainTime', N'nvarchar', '00:00', NULL, NULL, NULL, 0, NULL, 5)

IF NOT EXISTS(SELECT * FROM user_fld WHERE fld_name = N'Uf_TimeT1')
	INSERT INTO user_fld ( fld_name, fld_data_type, fld_initial, fld_decimals, fld_desc, sys_apply, sys_delete, fld_UDT, fld_prec ) 
	VALUES (N'Uf_TimeT1', N'nvarchar', '00:00', NULL, NULL, NULL, 0, NULL, 5)
IF NOT EXISTS(SELECT * FROM user_fld WHERE fld_name = N'Uf_TimeT2')
	INSERT INTO user_fld ( fld_name, fld_data_type, fld_initial, fld_decimals, fld_desc, sys_apply, sys_delete, fld_UDT, fld_prec ) 
	VALUES (N'Uf_TimeT2', N'nvarchar', '00:00', NULL, NULL, NULL, 0, NULL, 5)	
IF NOT EXISTS(SELECT * FROM user_fld WHERE fld_name = N'Uf_TimeT3')
	INSERT INTO user_fld ( fld_name, fld_data_type, fld_initial, fld_decimals, fld_desc, sys_apply, sys_delete, fld_UDT, fld_prec ) 
	VALUES (N'Uf_TimeT3', N'nvarchar', '00:00', NULL, NULL, NULL, 0, NULL, 5)
IF NOT EXISTS(SELECT * FROM user_fld WHERE fld_name = N'Uf_TimeT4')
	INSERT INTO user_fld ( fld_name, fld_data_type, fld_initial, fld_decimals, fld_desc, sys_apply, sys_delete, fld_UDT, fld_prec ) 
	VALUES (N'Uf_TimeT4', N'nvarchar', '00:00', NULL, NULL, NULL, 0, NULL, 5)
IF NOT EXISTS(SELECT * FROM user_fld WHERE fld_name = N'Uf_TimeT5')
	INSERT INTO user_fld ( fld_name, fld_data_type, fld_initial, fld_decimals, fld_desc, sys_apply, sys_delete, fld_UDT, fld_prec ) 
	VALUES (N'Uf_TimeT5', N'nvarchar', '00:00', NULL, NULL, NULL, 0, NULL, 5)
IF NOT EXISTS(SELECT * FROM user_fld WHERE fld_name = N'Uf_TimeT6')
	INSERT INTO user_fld ( fld_name, fld_data_type, fld_initial, fld_decimals, fld_desc, sys_apply, sys_delete, fld_UDT, fld_prec ) 
	VALUES (N'Uf_TimeT6', N'nvarchar', '00:00', NULL, NULL, NULL, 0, NULL, 5)

IF NOT EXISTS(SELECT * FROM user_fld WHERE fld_name = N'Uf_DurationT1')
	INSERT INTO user_fld ( fld_name, fld_data_type, fld_initial, fld_decimals, fld_desc, sys_apply, sys_delete, fld_UDT, fld_prec ) 
	VALUES (N'Uf_DurationT1', N'int', 0, NULL, NULL, NULL, 0, NULL, NULL)
IF NOT EXISTS(SELECT * FROM user_fld WHERE fld_name = N'Uf_DurationT2')
	INSERT INTO user_fld ( fld_name, fld_data_type, fld_initial, fld_decimals, fld_desc, sys_apply, sys_delete, fld_UDT, fld_prec ) 
	VALUES (N'Uf_DurationT2', N'int', 0, NULL, NULL, NULL, 0, NULL, NULL)
IF NOT EXISTS(SELECT * FROM user_fld WHERE fld_name = N'Uf_DurationT3')
	INSERT INTO user_fld ( fld_name, fld_data_type, fld_initial, fld_decimals, fld_desc, sys_apply, sys_delete, fld_UDT, fld_prec ) 
	VALUES (N'Uf_DurationT3', N'int', 0, NULL, NULL, NULL, 0, NULL, NULL)
IF NOT EXISTS(SELECT * FROM user_fld WHERE fld_name = N'Uf_DurationT4')
	INSERT INTO user_fld ( fld_name, fld_data_type, fld_initial, fld_decimals, fld_desc, sys_apply, sys_delete, fld_UDT, fld_prec ) 
	VALUES (N'Uf_DurationT4', N'int', 0, NULL, NULL, NULL, 0, NULL, NULL)
IF NOT EXISTS(SELECT * FROM user_fld WHERE fld_name = N'Uf_DurationT5')
	INSERT INTO user_fld ( fld_name, fld_data_type, fld_initial, fld_decimals, fld_desc, sys_apply, sys_delete, fld_UDT, fld_prec ) 
	VALUES (N'Uf_DurationT5', N'int', 0, NULL, NULL, NULL, 0, NULL, NULL)
IF NOT EXISTS(SELECT * FROM user_fld WHERE fld_name = N'Uf_DurationT6')
	INSERT INTO user_fld ( fld_name, fld_data_type, fld_initial, fld_decimals, fld_desc, sys_apply, sys_delete, fld_UDT, fld_prec ) 
	VALUES (N'Uf_DurationT6', N'int', 0, NULL, NULL, NULL, 0, NULL, NULL)

-- Class/Fields
/*
IF NOT EXISTS(SELECT * FROM user_class_fld WHERE class_name = N'Uc_fs_sro' AND fld_name = N'Uf_OpenDate')
	INSERT INTO user_class_fld ( class_name, fld_name, sys_apply, sys_delete ) 
	VALUES (N'Uc_fs_sro', N'Uf_OpenDate', NULL, 0)
IF NOT EXISTS(SELECT * FROM user_class_fld WHERE class_name = N'Uc_fs_sro' AND fld_name = N'Uf_StartDate')
	INSERT INTO user_class_fld ( class_name, fld_name, sys_apply, sys_delete ) 
	VALUES (N'Uc_fs_sro', N'Uf_StartDate', NULL, 0)
IF NOT EXISTS(SELECT * FROM user_class_fld WHERE class_name = N'Uc_fs_sro' AND fld_name = N'Uf_CloseDate')
	INSERT INTO user_class_fld ( class_name, fld_name, sys_apply, sys_delete ) 
	VALUES (N'Uc_fs_sro', N'Uf_CloseDate', NULL, 0)
IF NOT EXISTS(SELECT * FROM user_class_fld WHERE class_name = N'Uc_fs_sro' AND fld_name = N'Uf_EndDate')
	INSERT INTO user_class_fld ( class_name, fld_name, sys_apply, sys_delete ) 
	VALUES (N'Uc_fs_sro', N'Uf_EndDate', NULL, 0)
IF NOT EXISTS(SELECT * FROM user_class_fld WHERE class_name = N'Uc_fs_sro' AND fld_name = N'Uf_MainDate')
	INSERT INTO user_class_fld ( class_name, fld_name, sys_apply, sys_delete ) 
	VALUES (N'Uc_fs_sro', N'Uf_MainDate', NULL, 0)
*/	
IF NOT EXISTS(SELECT * FROM user_class_fld WHERE class_name = N'Uc_fs_sro' AND fld_name = N'Uf_OpenTime')
	INSERT INTO user_class_fld ( class_name, fld_name, sys_apply, sys_delete ) 
	VALUES (N'Uc_fs_sro', N'Uf_OpenTime', NULL, 0)
IF NOT EXISTS(SELECT * FROM user_class_fld WHERE class_name = N'Uc_fs_sro' AND fld_name = N'Uf_StartTime')
	INSERT INTO user_class_fld ( class_name, fld_name, sys_apply, sys_delete ) 
	VALUES (N'Uc_fs_sro', N'Uf_StartTime', NULL, 0)
IF NOT EXISTS(SELECT * FROM user_class_fld WHERE class_name = N'Uc_fs_sro' AND fld_name = N'Uf_CloseTime')
	INSERT INTO user_class_fld ( class_name, fld_name, sys_apply, sys_delete ) 
	VALUES (N'Uc_fs_sro', N'Uf_CloseTime', NULL, 0)
IF NOT EXISTS(SELECT * FROM user_class_fld WHERE class_name = N'Uc_fs_sro' AND fld_name = N'Uf_EndTime')
	INSERT INTO user_class_fld ( class_name, fld_name, sys_apply, sys_delete ) 
	VALUES (N'Uc_fs_sro', N'Uf_EndTime', NULL, 0)
IF NOT EXISTS(SELECT * FROM user_class_fld WHERE class_name = N'Uc_fs_sro' AND fld_name = N'Uf_MainTime')
	INSERT INTO user_class_fld ( class_name, fld_name, sys_apply, sys_delete ) 
	VALUES (N'Uc_fs_sro', N'Uf_MainTime', NULL, 0)

IF NOT EXISTS(SELECT * FROM user_class_fld WHERE class_name = N'Uc_fs_sro_line' AND fld_name = N'Uf_TimeT1')
	INSERT INTO user_class_fld ( class_name, fld_name, sys_apply, sys_delete ) 
	VALUES (N'Uc_fs_sro_line', N'Uf_TimeT1', NULL, 0)
IF NOT EXISTS(SELECT * FROM user_class_fld WHERE class_name = N'Uc_fs_sro_line' AND fld_name = N'Uf_TimeT2')
	INSERT INTO user_class_fld ( class_name, fld_name, sys_apply, sys_delete ) 
	VALUES (N'Uc_fs_sro_line', N'Uf_TimeT2', NULL, 0)	
IF NOT EXISTS(SELECT * FROM user_class_fld WHERE class_name = N'Uc_fs_sro_line' AND fld_name = N'Uf_TimeT3')
	INSERT INTO user_class_fld ( class_name, fld_name, sys_apply, sys_delete ) 
	VALUES (N'Uc_fs_sro_line', N'Uf_TimeT3', NULL, 0)	
IF NOT EXISTS(SELECT * FROM user_class_fld WHERE class_name = N'Uc_fs_sro_line' AND fld_name = N'Uf_TimeT4')
	INSERT INTO user_class_fld ( class_name, fld_name, sys_apply, sys_delete ) 
	VALUES (N'Uc_fs_sro_line', N'Uf_TimeT4', NULL, 0)
IF NOT EXISTS(SELECT * FROM user_class_fld WHERE class_name = N'Uc_fs_sro_line' AND fld_name = N'Uf_TimeT5')
	INSERT INTO user_class_fld ( class_name, fld_name, sys_apply, sys_delete ) 
	VALUES (N'Uc_fs_sro_line', N'Uf_TimeT5', NULL, 0)	
IF NOT EXISTS(SELECT * FROM user_class_fld WHERE class_name = N'Uc_fs_sro_line' AND fld_name = N'Uf_TimeT6')
	INSERT INTO user_class_fld ( class_name, fld_name, sys_apply, sys_delete ) 
	VALUES (N'Uc_fs_sro_line', N'Uf_TimeT6', NULL, 0)

IF NOT EXISTS(SELECT * FROM user_class_fld WHERE class_name = N'Uc_fs_sro_line' AND fld_name = N'Uf_DurationT1')
	INSERT INTO user_class_fld ( class_name, fld_name, sys_apply, sys_delete ) 
	VALUES (N'Uc_fs_sro_line', N'Uf_DurationT1', NULL, 0)
IF NOT EXISTS(SELECT * FROM user_class_fld WHERE class_name = N'Uc_fs_sro_line' AND fld_name = N'Uf_DurationT2')
	INSERT INTO user_class_fld ( class_name, fld_name, sys_apply, sys_delete ) 
	VALUES (N'Uc_fs_sro_line', N'Uf_DurationT2', NULL, 0)
IF NOT EXISTS(SELECT * FROM user_class_fld WHERE class_name = N'Uc_fs_sro_line' AND fld_name = N'Uf_DurationT3')
	INSERT INTO user_class_fld ( class_name, fld_name, sys_apply, sys_delete ) 
	VALUES (N'Uc_fs_sro_line', N'Uf_DurationT3', NULL, 0)
IF NOT EXISTS(SELECT * FROM user_class_fld WHERE class_name = N'Uc_fs_sro_line' AND fld_name = N'Uf_DurationT4')
	INSERT INTO user_class_fld ( class_name, fld_name, sys_apply, sys_delete ) 
	VALUES (N'Uc_fs_sro_line', N'Uf_DurationT4', NULL, 0)
IF NOT EXISTS(SELECT * FROM user_class_fld WHERE class_name = N'Uc_fs_sro_line' AND fld_name = N'Uf_DurationT5')
	INSERT INTO user_class_fld ( class_name, fld_name, sys_apply, sys_delete ) 
	VALUES (N'Uc_fs_sro_line', N'Uf_DurationT5', NULL, 0)
IF NOT EXISTS(SELECT * FROM user_class_fld WHERE class_name = N'Uc_fs_sro_line' AND fld_name = N'Uf_DurationT6')
	INSERT INTO user_class_fld ( class_name, fld_name, sys_apply, sys_delete ) 
	VALUES (N'Uc_fs_sro_line', N'Uf_DurationT6', NULL, 0)

DECLARE @RC int
DECLARE @PCommit tinyint
DECLARE @PRollback tinyint
DECLARE @PImpact tinyint
DECLARE @Infobar nvarchar(2800)
DECLARE @RedoViews tinyint

-- Set parameter values
SET  @PCommit = 1
SET  @PRollback = 0
SET  @PImpact = 1
EXEC @RC = [dbo].[UETImpactWrapperSp] @PCommit, @PRollback, @PImpact,@RedoViews, @Infobar OUTPUT 

SELECT @Infobar
GO
